{"stats":{"minecraft:mined":{"minecraft:white_bed":1,"minecraft:redstone_wire":8},"minecraft:used":{"minecraft:barrier":1,"minecraft:redstone":177,"minecraft:white_bed":2,"minecraft:cut_sandstone":180},"minecraft:dropped":{"minecraft:cut_sandstone":6},"minecraft:custom":{"minecraft:time_since_rest":595,"minecraft:open_chest":5,"minecraft:crouch_one_cm":19588,"minecraft:play_one_minute":104120,"minecraft:sprint_one_cm":10648,"minecraft:deaths":2,"minecraft:damage_taken":560,"minecraft:walk_one_cm":52521,"minecraft:sneak_time":4282,"minecraft:drop":6,"minecraft:jump":82,"minecraft:inspect_hopper":6,"minecraft:leave_game":4,"minecraft:time_since_death":594,"minecraft:sleep_in_bed":2,"minecraft:fly_one_cm":22184},"minecraft:picked_up":{"minecraft:arrow":19,"minecraft:cut_sandstone":310,"minecraft:white_bed":1,"minecraft:redstone":2}},"DataVersion":2578}