{"stats":{"minecraft:used":{"minecraft:blue_terracotta":236,"minecraft:writable_book":38,"minecraft:melon":2,"minecraft:ladder":243,"minecraft:oak_sign":13,"minecraft:chest":22,"minecraft:white_terracotta":1,"minecraft:stone":57,"minecraft:iron_sword":2,"minecraft:bell":1,"minecraft:farmland":11,"minecraft:green_terracotta":272,"minecraft:blue_stained_glass":319,"minecraft:pink_terracotta":12,"minecraft:cyan_wool":36,"minecraft:snowball":13,"minecraft:stripped_spruce_log":9,"minecraft:obsidian":43,"minecraft:glass":318,"minecraft:lava_bucket":3,"minecraft:quartz_slab":3,"minecraft:lantern":6,"minecraft:quartz_block":417,"minecraft:diorite_wall":1,"minecraft:stone_bricks":229,"minecraft:item_frame":36,"minecraft:repeater":40,"minecraft:redstone_lamp":101,"minecraft:bow":104,"minecraft:magma_block":1,"minecraft:snow":67,"minecraft:written_book":461,"minecraft:scaffolding":281,"minecraft:jungle_button":1,"minecraft:acacia_fence":2,"minecraft:gold_block":64,"minecraft:skeleton_skull":1,"minecraft:green_stained_glass_pane":5,"minecraft:red_stained_glass":40,"minecraft:dark_oak_sign":4,"minecraft:stone_pickaxe":46,"minecraft:redstone_block":114,"minecraft:structure_void":7,"minecraft:yellow_terracotta":11,"minecraft:cut_sandstone_slab":171,"minecraft:crossbow":4,"minecraft:note_block":1,"minecraft:creeper_spawn_egg":4,"minecraft:lever":33,"minecraft:black_concrete":29,"minecraft:barrier":3029,"minecraft:stone_button":28,"minecraft:lectern":2,"minecraft:red_terracotta":40,"minecraft:polished_granite":1,"minecraft:diamond_ore":64,"minecraft:diamond_sword":97,"minecraft:wooden_sword":7,"minecraft:dark_oak_fence":1,"minecraft:white_stained_glass":37,"minecraft:smooth_stone_slab":131,"minecraft:white_concrete":212,"minecraft:bone_meal":2,"minecraft:golden_pickaxe":80,"minecraft:gray_stained_glass":3,"minecraft:orange_concrete":1,"minecraft:red_concrete":43,"minecraft:armor_stand":9,"minecraft:redstone":2243,"minecraft:light_blue_terracotta":41,"minecraft:spruce_planks":1,"minecraft:structure_block":104,"minecraft:orange_stained_glass":3,"minecraft:torch":12,"minecraft:anvil":1,"minecraft:hopper":14,"minecraft:prismarine_bricks":97,"minecraft:blue_concrete":1,"minecraft:oak_fence_gate":2,"minecraft:stone_brick_slab":1,"minecraft:sea_lantern":49,"minecraft:light_gray_stained_glass":72,"minecraft:spruce_button":2,"minecraft:smooth_sandstone":409,"minecraft:melon_seeds":1,"minecraft:barrel":16,"minecraft:lime_concrete":13,"minecraft:emerald_block":1414,"minecraft:magenta_terracotta":2,"minecraft:wolf_spawn_egg":10,"minecraft:lime_stained_glass":49,"minecraft:stone_pressure_plate":7,"minecraft:cooked_beef":9,"minecraft:orange_terracotta":35,"minecraft:water_bucket":3,"minecraft:snow_block":13,"minecraft:birch_planks":9,"minecraft:smooth_sandstone_slab":144,"minecraft:cut_sandstone":2790,"minecraft:stonecutter":3,"minecraft:spruce_fence_gate":1,"minecraft:pink_concrete":18,"minecraft:diamond_block":829,"minecraft:lime_terracotta":158,"minecraft:terracotta":1,"minecraft:oak_slab":12,"minecraft:crafting_table":13,"minecraft:brown_banner":1,"minecraft:birch_sign":30,"minecraft:campfire":4,"minecraft:white_bed":32,"minecraft:dark_oak_door":2,"minecraft:dark_prismarine":589,"minecraft:diamond_pickaxe":165,"minecraft:acacia_sign":6,"minecraft:command_block":19,"minecraft:oak_button":8,"minecraft:iron_pickaxe":4,"minecraft:cobblestone":9,"minecraft:potion":7,"minecraft:sandstone_slab":2625,"minecraft:bucket":1,"minecraft:repeating_command_block":2,"minecraft:smooth_stone":19,"minecraft:jukebox":1,"minecraft:splash_potion":203},"minecraft:picked_up":{"minecraft:iron_chestplate":1,"minecraft:redstone_block":2,"minecraft:diamond_sword":60,"minecraft:potion":35,"minecraft:cooked_salmon":10,"minecraft:smooth_stone_slab":25,"minecraft:iron_leggings":14,"minecraft:diamond_leggings":59,"minecraft:written_book":888,"minecraft:iron_pickaxe":15,"minecraft:iron_boots":1,"minecraft:golden_helmet":2,"minecraft:torch":514,"minecraft:diorite":15,"minecraft:green_terracotta":2,"minecraft:golden_chestplate":2,"minecraft:stone_sword":4,"minecraft:wolf_spawn_egg":17,"minecraft:leather_horse_armor":1,"minecraft:snowball":919,"minecraft:blaze_powder":8,"minecraft:leather_chestplate":6,"minecraft:cooked_beef":409,"minecraft:repeater":4,"minecraft:andesite":22,"minecraft:golden_leggings":32,"minecraft:lapis_lazuli":36,"minecraft:cut_sandstone_slab":312,"minecraft:lantern":1,"minecraft:leather_boots":2,"minecraft:bone":118,"minecraft:bow":80,"minecraft:diamond_helmet":59,"minecraft:lime_terracotta":20,"minecraft:diamond_block":4,"minecraft:red_terracotta":22,"minecraft:blue_terracotta":9,"minecraft:light_blue_terracotta":1,"minecraft:diamond":10,"minecraft:lever":15,"minecraft:granite":11,"minecraft:crossbow":1,"minecraft:emerald":7,"minecraft:diamond_pickaxe":59,"minecraft:lingering_potion":3,"minecraft:crafting_table":2,"minecraft:sandstone_slab":156,"minecraft:splash_potion":6,"minecraft:ladder":327,"minecraft:leather_leggings":2,"minecraft:redstone_lamp":1,"minecraft:golden_pickaxe":5,"minecraft:shield":1,"minecraft:elytra":11,"minecraft:wooden_sword":33,"minecraft:item_frame":78,"minecraft:chest":2,"minecraft:stone":26,"minecraft:stone_button":14,"minecraft:redstone":3029,"minecraft:prismarine_crystals":12,"minecraft:stone_pressure_plate":2,"minecraft:smooth_sandstone_slab":5,"minecraft:tnt":5,"minecraft:arrow":2301,"minecraft:diamond_chestplate":63,"minecraft:cooked_cod":16,"minecraft:diamond_boots":61,"minecraft:gold_ingot":12,"minecraft:skeleton_skull":22,"minecraft:cut_sandstone":5824,"minecraft:birch_planks":34,"minecraft:golden_boots":2,"minecraft:paper":1,"minecraft:orange_terracotta":7,"minecraft:smooth_sandstone":71,"minecraft:stone_bricks":1555,"minecraft:creeper_spawn_egg":19,"minecraft:iron_ingot":27,"minecraft:heart_of_the_sea":2,"minecraft:stone_pickaxe":29,"minecraft:iron_sword":15,"minecraft:scaffolding":105,"minecraft:white_bed":18,"minecraft:leather_helmet":2,"minecraft:iron_helmet":14,"minecraft:oak_button":2,"minecraft:hopper":15},"minecraft:dropped":{"minecraft:iron_sword":6,"minecraft:birch_planks":2,"minecraft:lapis_lazuli":12,"minecraft:cooked_beef":18,"minecraft:golden_pickaxe":5,"minecraft:glass_bottle":5,"minecraft:diamond":2,"minecraft:crafting_table":3,"minecraft:sandstone_slab":7,"minecraft:lime_terracotta":15,"minecraft:elytra":14,"minecraft:leather_helmet":2,"minecraft:item_frame":43,"minecraft:gold_block":2,"minecraft:red_bed":2,"minecraft:stone_button":1,"minecraft:cut_sandstone":384,"minecraft:snowball":433,"minecraft:wooden_sword":15,"minecraft:writable_book":3,"minecraft:iron_pickaxe":5,"minecraft:black_concrete":2,"minecraft:green_stained_glass_pane":1,"minecraft:bone":93,"minecraft:pink_concrete":1,"minecraft:note_block":1,"minecraft:pink_terracotta":3,"minecraft:emerald_block":1,"minecraft:diamond_block":6,"minecraft:lever":1,"minecraft:obsidian":2,"minecraft:lime_dye":4,"minecraft:blaze_powder":7,"minecraft:white_bed":3,"minecraft:blue_stained_glass":1,"minecraft:red_stained_glass_pane":2,"minecraft:leather_chestplate":6,"minecraft:sea_lantern":1,"minecraft:skeleton_skull":14,"minecraft:lingering_potion":4,"minecraft:quartz_block":1,"minecraft:hopper":1,"minecraft:leather_boots":2,"minecraft:ladder":58,"minecraft:chest":2,"minecraft:leather_leggings":2,"minecraft:arrow":358,"minecraft:glass":3,"minecraft:white_concrete_powder":1,"minecraft:scaffolding":108,"minecraft:written_book":9,"minecraft:splash_potion":7,"minecraft:lectern":1,"minecraft:wolf_spawn_egg":10,"minecraft:creeper_spawn_egg":1,"minecraft:diamond_leggings":2,"minecraft:yellow_terracotta":1,"minecraft:iron_helmet":7,"minecraft:barrier":6,"minecraft:cobblestone":1,"minecraft:granite":3,"minecraft:command_block":3,"minecraft:diorite":3,"minecraft:torch":289,"minecraft:repeater":3,"minecraft:white_concrete":5,"minecraft:diamond_helmet":2,"minecraft:light_gray_stained_glass":1,"minecraft:potion":15,"minecraft:iron_leggings":7,"minecraft:stonecutter":1,"minecraft:smooth_sandstone_slab":8,"minecraft:red_dye":4,"minecraft:paper":49,"minecraft:smooth_sandstone":90,"minecraft:chiseled_sandstone":1,"minecraft:jigsaw":1,"minecraft:redstone_block":6,"minecraft:stone_brick_slab":1,"minecraft:redstone":955,"minecraft:snow_block":16,"minecraft:blue_terracotta":8,"minecraft:green_terracotta":200,"minecraft:jukebox":1,"minecraft:smooth_stone_slab":12,"minecraft:iron_boots":1,"minecraft:structure_block":10,"minecraft:diamond_ore":4,"minecraft:oak_sign":1,"minecraft:red_terracotta":6,"minecraft:diamond_sword":3,"minecraft:stone":21,"minecraft:oak_button":2,"minecraft:diamond_chestplate":3,"minecraft:orange_terracotta":2,"minecraft:iron_chestplate":1,"minecraft:diamond_pickaxe":4,"minecraft:andesite":9,"minecraft:golden_leggings":18,"minecraft:birch_sign":2,"minecraft:stone_bricks":87,"minecraft:barrel":3,"minecraft:diamond_boots":2,"minecraft:sandstone":1,"minecraft:bow":15,"minecraft:stone_pickaxe":12,"minecraft:light_blue_terracotta":3,"minecraft:magma_block":1,"minecraft:dark_prismarine":6,"minecraft:white_stained_glass":1,"minecraft:magenta_terracotta":1},"minecraft:custom":{"minecraft:interact_with_crafting_table":47,"minecraft:open_barrel":74,"minecraft:leave_game":82,"minecraft:time_since_death":1051298,"minecraft:sprint_one_cm":1757758,"minecraft:drop":741,"minecraft:talked_to_villager":2,"minecraft:deaths":80,"minecraft:jump":8971,"minecraft:enchant_item":1,"minecraft:play_one_minute":9684294,"minecraft:sleep_in_bed":28,"minecraft:damage_dealt":9574,"minecraft:player_kills":10,"minecraft:crouch_one_cm":539993,"minecraft:mob_kills":67,"minecraft:inspect_hopper":100,"minecraft:climb_one_cm":100101,"minecraft:walk_one_cm":2815021,"minecraft:sneak_time":204944,"minecraft:interact_with_lectern":4,"minecraft:time_since_rest":205820,"minecraft:damage_taken":25942,"minecraft:fly_one_cm":15243974,"minecraft:open_chest":179,"minecraft:aviate_one_cm":67426,"minecraft:fall_one_cm":160023},"minecraft:mined":{"minecraft:white_bed":17,"minecraft:hopper":14,"minecraft:sandstone_slab":25,"minecraft:cut_sandstone":90,"minecraft:orange_terracotta":5,"minecraft:torch":1,"minecraft:chest":2,"minecraft:glass":2,"minecraft:light_blue_terracotta":1,"minecraft:repeater":4,"minecraft:blue_terracotta":13,"minecraft:smooth_stone_slab":19,"minecraft:lime_terracotta":22,"minecraft:redstone_lamp":2,"minecraft:diamond_ore":7,"minecraft:lever":4,"minecraft:ladder":3,"minecraft:redstone_wire":48,"minecraft:green_terracotta":2,"minecraft:redstone_block":2,"minecraft:crafting_table":2,"minecraft:structure_void":2,"minecraft:birch_planks":35,"minecraft:red_terracotta":39,"minecraft:stone_bricks":22},"minecraft:crafted":{"minecraft:cut_sandstone_slab":576,"minecraft:crafting_table":8,"minecraft:snow_block":29,"minecraft:redstone":18,"minecraft:redstone_block":21,"minecraft:sandstone_slab":4588},"minecraft:killed_by":{"minecraft:player":34,"minecraft:wolf":1,"minecraft:skeleton":1},"minecraft:killed":{"minecraft:skeleton":47,"minecraft:wolf":2,"minecraft:villager":1}},"DataVersion":2578}