{"stats":{"minecraft:custom":{"minecraft:time_since_rest":1236,"minecraft:sprint_one_cm":61709,"minecraft:damage_taken":1358,"minecraft:walk_one_cm":240119,"minecraft:drop":37,"minecraft:inspect_hopper":10,"minecraft:fly_one_cm":273963,"minecraft:open_chest":13,"minecraft:crouch_one_cm":19319,"minecraft:play_one_minute":108076,"minecraft:deaths":5,"minecraft:sneak_time":5071,"minecraft:jump":272,"minecraft:leave_game":2,"minecraft:time_since_death":1203,"minecraft:sleep_in_bed":2,"minecraft:climb_one_cm":6034,"minecraft:fall_one_cm":3294},"minecraft:mined":{"minecraft:cut_sandstone":16,"minecraft:white_bed":1,"minecraft:chiseled_sandstone":1,"minecraft:redstone_wire":38,"minecraft:hopper":1},"minecraft:dropped":{"minecraft:iron_sword":2,"minecraft:cut_sandstone":118,"minecraft:golden_leggings":4,"minecraft:snowball":16,"minecraft:diamond_helmet":4,"minecraft:wooden_sword":3,"minecraft:stone_pickaxe":5,"minecraft:redstone":1},"minecraft:picked_up":{"minecraft:cooked_beef":16,"minecraft:ladder":24,"minecraft:cut_sandstone":301,"minecraft:golden_leggings":3,"minecraft:diamond_sword":4,"minecraft:redstone":85,"minecraft:chiseled_sandstone":1,"minecraft:wooden_sword":3,"minecraft:iron_leggings":13,"minecraft:item_frame":2,"minecraft:arrow":204,"minecraft:diamond_chestplate":4,"minecraft:creeper_spawn_egg":1,"minecraft:bow":17,"minecraft:diamond_leggings":4,"minecraft:diamond_boots":4,"minecraft:iron_helmet":13,"minecraft:stone_pickaxe":3,"minecraft:iron_pickaxe":13,"minecraft:diamond_helmet":4,"minecraft:hopper":1,"minecraft:iron_sword":13,"minecraft:snowball":48,"minecraft:blaze_powder":1,"minecraft:diamond_pickaxe":4},"minecraft:used":{"minecraft:creeper_spawn_egg":1,"minecraft:diamond_pickaxe":1,"minecraft:chiseled_sandstone":73,"minecraft:stone_pickaxe":1,"minecraft:redstone":150,"minecraft:ladder":18,"minecraft:cut_sandstone":135,"minecraft:hopper":2,"minecraft:written_book":4,"minecraft:white_bed":2,"minecraft:snowball":75,"minecraft:golden_pickaxe":16}},"DataVersion":2230}