{"stats":{"minecraft:killed":{"minecraft:skeleton":2},"minecraft:crafted":{"minecraft:crafting_table":2,"minecraft:sandstone_slab":2352},"minecraft:killed_by":{"minecraft:player":11,"minecraft:wolf":1,"minecraft:creeper":1},"minecraft:picked_up":{"minecraft:leather_chestplate":1,"minecraft:cooked_beef":368,"minecraft:sandstone_slab":240,"minecraft:redstone_block":3,"minecraft:repeater":3,"minecraft:ladder":394,"minecraft:golden_pickaxe":2,"minecraft:redstone_lamp":1,"minecraft:cut_sandstone":3101,"minecraft:golden_leggings":2,"minecraft:diamond_sword":18,"minecraft:birch_planks":10,"minecraft:potion":2,"minecraft:wooden_sword":2,"minecraft:smooth_stone_slab":7,"minecraft:orange_terracotta":5,"minecraft:iron_leggings":1,"minecraft:item_frame":42,"minecraft:bone":12,"minecraft:stone_bricks":80,"minecraft:bow":20,"minecraft:diamond_leggings":19,"minecraft:creeper_spawn_egg":4,"minecraft:stone_pickaxe":2,"minecraft:written_book":674,"minecraft:iron_pickaxe":1,"minecraft:diamond_helmet":21,"minecraft:chest":1,"minecraft:iron_sword":1,"minecraft:stone_brick_slab":3,"minecraft:torch":91,"minecraft:lime_terracotta":2,"minecraft:white_bed":5,"minecraft:redstone":808,"minecraft:green_terracotta":1,"minecraft:arrow":867,"minecraft:blue_terracotta":37,"minecraft:diamond_chestplate":20,"minecraft:light_blue_terracotta":3,"minecraft:diamond":3,"minecraft:diamond_boots":20,"minecraft:iron_helmet":1,"minecraft:wolf_spawn_egg":4,"minecraft:blaze_powder":3,"minecraft:skeleton_skull":6,"minecraft:snowball":96,"minecraft:hopper":2,"minecraft:diamond_pickaxe":20},"minecraft:dropped":{"minecraft:birch_planks":2,"minecraft:cooked_beef":11,"minecraft:glass_bottle":5,"minecraft:diamond":1,"minecraft:crafting_table":1,"minecraft:diamond_leggings":2,"minecraft:sandstone_slab":285,"minecraft:iron_helmet":1,"minecraft:blaze_powder":2,"minecraft:red_terracotta":1,"minecraft:item_frame":13,"minecraft:diamond_sword":2,"minecraft:leather_chestplate":1,"minecraft:diamond_chestplate":3,"minecraft:torch":2,"minecraft:skeleton_skull":2,"minecraft:diamond_pickaxe":2,"minecraft:cut_sandstone":128,"minecraft:golden_leggings":2,"minecraft:snowball":64,"minecraft:ladder":163,"minecraft:diamond_helmet":5,"minecraft:potion":1,"minecraft:iron_leggings":1,"minecraft:wooden_sword":1,"minecraft:diamond_boots":2,"minecraft:arrow":104,"minecraft:stone_pickaxe":2,"minecraft:written_book":452,"minecraft:redstone":65},"minecraft:custom":{"minecraft:mob_kills":3,"minecraft:inspect_hopper":22,"minecraft:interact_with_crafting_table":25,"minecraft:play_one_minute":214115,"minecraft:leave_game":5,"minecraft:time_since_death":15601,"minecraft:climb_one_cm":39076,"minecraft:sleep_in_bed":8,"minecraft:time_since_rest":15755,"minecraft:sprint_one_cm":557366,"minecraft:damage_taken":7490,"minecraft:walk_one_cm":365354,"minecraft:drop":511,"minecraft:damage_dealt":1401,"minecraft:fly_one_cm":2115129,"minecraft:player_kills":12,"minecraft:open_chest":37,"minecraft:crouch_one_cm":194125,"minecraft:sneak_time":62792,"minecraft:deaths":21,"minecraft:jump":2753,"minecraft:fall_one_cm":48690},"minecraft:used":{"minecraft:blue_terracotta":1,"minecraft:stone_pickaxe":46,"minecraft:redstone":161,"minecraft:ladder":37,"minecraft:chest":1,"minecraft:cut_sandstone":1154,"minecraft:redstone_block":3,"minecraft:green_terracotta":1,"minecraft:lime_terracotta":2,"minecraft:hopper":2,"minecraft:crafting_table":4,"minecraft:white_bed":8,"minecraft:snowball":9,"minecraft:creeper_spawn_egg":15,"minecraft:diamond_pickaxe":178,"minecraft:stone_bricks":8,"minecraft:diamond_sword":66,"minecraft:potion":6,"minecraft:bow":212,"minecraft:written_book":4,"minecraft:wolf_spawn_egg":8,"minecraft:sandstone_slab":2039,"minecraft:cooked_beef":19},"minecraft:mined":{"minecraft:sandstone_slab":41,"minecraft:diamond_ore":1,"minecraft:cut_sandstone":95,"minecraft:white_bed":5,"minecraft:orange_terracotta":6,"minecraft:stone_brick_slab":3,"minecraft:ladder":1,"minecraft:chest":1,"minecraft:redstone_wire":14,"minecraft:hopper":2,"minecraft:light_blue_terracotta":4,"minecraft:birch_planks":12,"minecraft:blue_terracotta":37,"minecraft:green_terracotta":1,"minecraft:smooth_stone_slab":9,"minecraft:lime_terracotta":1,"minecraft:stone_bricks":16}},"DataVersion":1935}