{"stats":{"minecraft:custom":{"minecraft:time_since_rest":67431,"minecraft:open_chest":8,"minecraft:crouch_one_cm":3457,"minecraft:play_one_minute":568172,"minecraft:sprint_one_cm":29722,"minecraft:deaths":5,"minecraft:damage_taken":1560,"minecraft:walk_one_cm":41739,"minecraft:sneak_time":1069,"minecraft:jump":86,"minecraft:inspect_hopper":4,"minecraft:leave_game":8,"minecraft:time_since_death":67394,"minecraft:fall_one_cm":9268,"minecraft:fly_one_cm":25163},"minecraft:picked_up":{"minecraft:orange_terracotta":2,"minecraft:item_frame":3,"minecraft:cut_sandstone":100,"minecraft:torch":32,"minecraft:yellow_terracotta":3,"minecraft:stone_button":2,"minecraft:redstone":97,"minecraft:chest":1,"minecraft:snowball":64,"minecraft:hopper":1,"minecraft:stone_pressure_plate":1},"minecraft:mined":{"minecraft:yellow_terracotta":3,"minecraft:chest":1,"minecraft:orange_terracotta":2,"minecraft:hopper":1},"minecraft:used":{"minecraft:yellow_terracotta":3,"minecraft:written_book":7,"minecraft:hopper":1,"minecraft:redstone":23,"minecraft:stone_button":1,"minecraft:chest":1,"minecraft:cut_sandstone":74,"minecraft:orange_terracotta":1,"minecraft:golden_pickaxe":6}},"DataVersion":1935}