{"stats":{"minecraft:custom":{"minecraft:mob_kills":62,"minecraft:inspect_hopper":82,"minecraft:interact_with_crafting_table":47,"minecraft:open_barrel":74,"minecraft:leave_game":65,"minecraft:time_since_death":328090,"minecraft:climb_one_cm":88080,"minecraft:sprint_one_cm":1587350,"minecraft:walk_one_cm":2234904,"minecraft:drop":631,"minecraft:talked_to_villager":2,"minecraft:deaths":79,"minecraft:sneak_time":189651,"minecraft:interact_with_lectern":4,"minecraft:jump":8069,"minecraft:enchant_item":1,"minecraft:play_one_minute":8197126,"minecraft:sleep_in_bed":24,"minecraft:time_since_rest":328117,"minecraft:damage_taken":25422,"minecraft:damage_dealt":9514,"minecraft:player_kills":10,"minecraft:fly_one_cm":14605786,"minecraft:open_chest":163,"minecraft:crouch_one_cm":485669,"minecraft:aviate_one_cm":67426,"minecraft:fall_one_cm":145880},"minecraft:killed":{"minecraft:skeleton":46,"minecraft:wolf":2,"minecraft:villager":1},"minecraft:dropped":{"minecraft:wolf_spawn_egg":7,"minecraft:iron_sword":6,"minecraft:birch_planks":2,"minecraft:lapis_lazuli":6,"minecraft:cooked_beef":10,"minecraft:golden_pickaxe":3,"minecraft:glass_bottle":4,"minecraft:diamond":2,"minecraft:crafting_table":3,"minecraft:creeper_spawn_egg":1,"minecraft:diamond_leggings":2,"minecraft:sandstone_slab":7,"minecraft:iron_helmet":7,"minecraft:lime_terracotta":15,"minecraft:barrier":4,"minecraft:yellow_terracotta":1,"minecraft:cobblestone":1,"minecraft:granite":3,"minecraft:command_block":3,"minecraft:elytra":14,"minecraft:leather_helmet":2,"minecraft:item_frame":43,"minecraft:gold_block":2,"minecraft:red_bed":2,"minecraft:diorite":3,"minecraft:stone_button":1,"minecraft:torch":289,"minecraft:repeater":3,"minecraft:white_concrete":5,"minecraft:cut_sandstone":309,"minecraft:diamond_helmet":2,"minecraft:snowball":417,"minecraft:light_gray_stained_glass":1,"minecraft:potion":11,"minecraft:iron_leggings":7,"minecraft:writable_book":3,"minecraft:wooden_sword":13,"minecraft:smooth_sandstone_slab":8,"minecraft:stonecutter":1,"minecraft:iron_pickaxe":5,"minecraft:black_concrete":2,"minecraft:smooth_sandstone":90,"minecraft:redstone":854,"minecraft:redstone_block":6,"minecraft:jigsaw":1,"minecraft:chiseled_sandstone":1,"minecraft:bone":76,"minecraft:pink_concrete":1,"minecraft:snow_block":16,"minecraft:note_block":1,"minecraft:blue_terracotta":5,"minecraft:pink_terracotta":3,"minecraft:emerald_block":1,"minecraft:diamond_block":6,"minecraft:green_terracotta":200,"minecraft:smooth_stone_slab":12,"minecraft:jukebox":1,"minecraft:obsidian":2,"minecraft:iron_boots":1,"minecraft:structure_block":10,"minecraft:blaze_powder":7,"minecraft:diamond_ore":4,"minecraft:white_bed":3,"minecraft:oak_sign":1,"minecraft:red_terracotta":6,"minecraft:blue_stained_glass":1,"minecraft:diamond_sword":3,"minecraft:leather_chestplate":6,"minecraft:sea_lantern":1,"minecraft:stone":20,"minecraft:oak_button":2,"minecraft:diamond_chestplate":3,"minecraft:orange_terracotta":2,"minecraft:skeleton_skull":13,"minecraft:diamond_pickaxe":4,"minecraft:iron_chestplate":1,"minecraft:andesite":9,"minecraft:lingering_potion":4,"minecraft:hopper":1,"minecraft:leather_boots":2,"minecraft:golden_leggings":17,"minecraft:ladder":48,"minecraft:chest":2,"minecraft:leather_leggings":2,"minecraft:barrel":3,"minecraft:stone_bricks":86,"minecraft:birch_sign":2,"minecraft:diamond_boots":2,"minecraft:sandstone":1,"minecraft:arrow":320,"minecraft:bow":15,"minecraft:glass":3,"minecraft:stone_pickaxe":11,"minecraft:magma_block":1,"minecraft:light_blue_terracotta":3,"minecraft:white_concrete_powder":1,"minecraft:scaffolding":108,"minecraft:dark_prismarine":6,"minecraft:white_stained_glass":1,"minecraft:written_book":9,"minecraft:splash_potion":7,"minecraft:lectern":1,"minecraft:magenta_terracotta":1},"minecraft:killed_by":{"minecraft:player":34,"minecraft:wolf":1,"minecraft:skeleton":1},"minecraft:crafted":{"minecraft:redstone":18,"minecraft:cut_sandstone_slab":576,"minecraft:redstone_block":21,"minecraft:crafting_table":8,"minecraft:sandstone_slab":4588,"minecraft:snow_block":29},"minecraft:mined":{"minecraft:diamond_ore":7,"minecraft:white_bed":16,"minecraft:ladder":3,"minecraft:lever":4,"minecraft:redstone_wire":39,"minecraft:hopper":10,"minecraft:green_terracotta":2,"minecraft:sandstone_slab":23,"minecraft:cut_sandstone":85,"minecraft:redstone_block":2,"minecraft:orange_terracotta":5,"minecraft:crafting_table":2,"minecraft:torch":1,"minecraft:chest":2,"minecraft:structure_void":2,"minecraft:glass":2,"minecraft:light_blue_terracotta":1,"minecraft:birch_planks":35,"minecraft:repeater":4,"minecraft:red_terracotta":39,"minecraft:blue_terracotta":13,"minecraft:smooth_stone_slab":19,"minecraft:lime_terracotta":19,"minecraft:stone_bricks":22,"minecraft:redstone_lamp":2},"minecraft:used":{"minecraft:blue_terracotta":216,"minecraft:writable_book":38,"minecraft:orange_concrete":1,"minecraft:red_concrete":43,"minecraft:spruce_planks":1,"minecraft:redstone":1818,"minecraft:ladder":127,"minecraft:oak_sign":5,"minecraft:light_blue_terracotta":41,"minecraft:chest":22,"minecraft:white_terracotta":1,"minecraft:iron_sword":2,"minecraft:stone":7,"minecraft:green_terracotta":154,"minecraft:structure_block":104,"minecraft:bell":1,"minecraft:orange_stained_glass":3,"minecraft:torch":12,"minecraft:anvil":1,"minecraft:hopper":10,"minecraft:blue_stained_glass":319,"minecraft:prismarine_bricks":97,"minecraft:pink_terracotta":12,"minecraft:snowball":13,"minecraft:cyan_wool":36,"minecraft:blue_concrete":1,"minecraft:stripped_spruce_log":9,"minecraft:oak_fence_gate":2,"minecraft:obsidian":43,"minecraft:glass":188,"minecraft:sea_lantern":49,"minecraft:light_gray_stained_glass":66,"minecraft:quartz_slab":3,"minecraft:lantern":6,"minecraft:spruce_button":2,"minecraft:smooth_sandstone":409,"minecraft:quartz_block":410,"minecraft:magenta_terracotta":2,"minecraft:diorite_wall":1,"minecraft:barrel":16,"minecraft:item_frame":36,"minecraft:stone_bricks":204,"minecraft:repeater":24,"minecraft:scaffolding":281,"minecraft:magma_block":1,"minecraft:redstone_lamp":78,"minecraft:lime_concrete":13,"minecraft:bow":100,"minecraft:emerald_block":1414,"minecraft:written_book":461,"minecraft:lime_stained_glass":45,"minecraft:jungle_button":1,"minecraft:wolf_spawn_egg":8,"minecraft:acacia_fence":2,"minecraft:gold_block":64,"minecraft:skeleton_skull":1,"minecraft:stone_pressure_plate":7,"minecraft:cooked_beef":9,"minecraft:orange_terracotta":35,"minecraft:water_bucket":1,"minecraft:snow_block":13,"minecraft:birch_planks":9,"minecraft:red_stained_glass":40,"minecraft:stone_pickaxe":34,"minecraft:dark_oak_sign":4,"minecraft:smooth_sandstone_slab":144,"minecraft:cut_sandstone":2274,"minecraft:redstone_block":113,"minecraft:structure_void":7,"minecraft:stonecutter":3,"minecraft:spruce_fence_gate":1,"minecraft:yellow_terracotta":11,"minecraft:terracotta":1,"minecraft:pink_concrete":18,"minecraft:diamond_block":829,"minecraft:lime_terracotta":113,"minecraft:crafting_table":13,"minecraft:cut_sandstone_slab":171,"minecraft:oak_slab":12,"minecraft:birch_sign":10,"minecraft:crossbow":4,"minecraft:white_bed":28,"minecraft:campfire":4,"minecraft:note_block":1,"minecraft:dark_oak_door":2,"minecraft:creeper_spawn_egg":3,"minecraft:lever":29,"minecraft:dark_prismarine":589,"minecraft:diamond_pickaxe":165,"minecraft:black_concrete":29,"minecraft:command_block":14,"minecraft:iron_pickaxe":4,"minecraft:barrier":2763,"minecraft:oak_button":8,"minecraft:stone_button":26,"minecraft:lectern":2,"minecraft:red_terracotta":40,"minecraft:polished_granite":1,"minecraft:diamond_ore":64,"minecraft:diamond_sword":97,"minecraft:cobblestone":9,"minecraft:bucket":1,"minecraft:wooden_sword":7,"minecraft:potion":6,"minecraft:sandstone_slab":2625,"minecraft:dark_oak_fence":1,"minecraft:white_stained_glass":20,"minecraft:repeating_command_block":1,"minecraft:smooth_stone_slab":131,"minecraft:white_concrete":212,"minecraft:splash_potion":203,"minecraft:golden_pickaxe":77,"minecraft:jukebox":1,"minecraft:smooth_stone":19},"minecraft:picked_up":{"minecraft:lingering_potion":3,"minecraft:iron_chestplate":1,"minecraft:crafting_table":2,"minecraft:sandstone_slab":154,"minecraft:splash_potion":6,"minecraft:redstone_block":2,"minecraft:ladder":267,"minecraft:redstone_lamp":1,"minecraft:golden_pickaxe":5,"minecraft:leather_leggings":2,"minecraft:diamond_sword":59,"minecraft:potion":30,"minecraft:shield":1,"minecraft:cooked_salmon":10,"minecraft:elytra":11,"minecraft:wooden_sword":31,"minecraft:smooth_stone_slab":25,"minecraft:iron_leggings":14,"minecraft:item_frame":78,"minecraft:diamond_leggings":58,"minecraft:written_book":888,"minecraft:iron_pickaxe":15,"minecraft:chest":2,"minecraft:iron_boots":1,"minecraft:golden_helmet":2,"minecraft:stone":26,"minecraft:torch":514,"minecraft:stone_button":14,"minecraft:diorite":15,"minecraft:redstone":2881,"minecraft:golden_chestplate":2,"minecraft:prismarine_crystals":12,"minecraft:green_terracotta":2,"minecraft:stone_pressure_plate":2,"minecraft:smooth_sandstone_slab":5,"minecraft:tnt":5,"minecraft:stone_sword":4,"minecraft:arrow":2034,"minecraft:diamond_chestplate":62,"minecraft:cooked_cod":16,"minecraft:diamond_boots":60,"minecraft:gold_ingot":12,"minecraft:wolf_spawn_egg":12,"minecraft:leather_horse_armor":1,"minecraft:snowball":887,"minecraft:skeleton_skull":21,"minecraft:blaze_powder":8,"minecraft:leather_chestplate":6,"minecraft:cooked_beef":361,"minecraft:repeater":4,"minecraft:andesite":22,"minecraft:cut_sandstone":4824,"minecraft:golden_leggings":30,"minecraft:birch_planks":34,"minecraft:golden_boots":2,"minecraft:lapis_lazuli":30,"minecraft:cut_sandstone_slab":312,"minecraft:lantern":1,"minecraft:orange_terracotta":7,"minecraft:leather_boots":2,"minecraft:smooth_sandstone":71,"minecraft:bone":98,"minecraft:stone_bricks":1523,"minecraft:bow":79,"minecraft:creeper_spawn_egg":18,"minecraft:heart_of_the_sea":2,"minecraft:iron_ingot":27,"minecraft:stone_pickaxe":27,"minecraft:diamond_helmet":58,"minecraft:iron_sword":15,"minecraft:scaffolding":105,"minecraft:lime_terracotta":19,"minecraft:white_bed":18,"minecraft:diamond_block":4,"minecraft:red_terracotta":22,"minecraft:leather_helmet":2,"minecraft:blue_terracotta":9,"minecraft:light_blue_terracotta":1,"minecraft:diamond":10,"minecraft:lever":14,"minecraft:iron_helmet":14,"minecraft:crossbow":1,"minecraft:granite":11,"minecraft:emerald":7,"minecraft:oak_button":2,"minecraft:hopper":11,"minecraft:diamond_pickaxe":58}},"DataVersion":1952}