{
  "pools": [
    {
      "rolls": 1,
      "conditions": [
        {
          "condition": "random_chance",
          "chance": 0.1
        }
      ],
      "entries": [
        {
          "type": "item",
          "weight": 1,
          "name": "minecraft:stone"
        }
      ]
    },
    {
      "rolls": 1,
      "conditions": [
        {
          "condition": "random_chance",
          "chance": 0.1
        }
      ],
      "entries": [
        {
          "type": "item",
          "weight": 1,
          "name": "minecraft:granite"
        }
      ]
    },
    {
      "rolls": 1,
      "conditions": [
        {
          "condition": "random_chance",
          "chance": 0.1
        }
      ],
      "entries": [
        {
          "type": "item",
          "weight": 1,
          "name": "minecraft:diorite"
        }
      ]
    },
    {
      "rolls": 1,
      "conditions": [
        {
          "condition": "random_chance",
          "chance": 0.1
        }
      ],
      "entries": [
        {
          "type": "item",
          "weight": 1,
          "name": "minecraft:andesite"
        }
      ]
    }
  ]
}