{"stats":{"minecraft:crafted":{"minecraft:stone_brick_slab":222,"minecraft:snow_block":1},"minecraft:killed":{"minecraft:creeper":1,"minecraft:skeleton":29},"minecraft:killed_by":{"minecraft:player":4},"minecraft:picked_up":{"minecraft:sandstone_slab":28,"minecraft:leather_chestplate":2,"minecraft:cooked_beef":314,"minecraft:redstone_block":1,"minecraft:ladder":291,"minecraft:redstone_lamp":1,"minecraft:cut_sandstone":1739,"minecraft:golden_leggings":8,"minecraft:diamond_sword":13,"minecraft:potion":1,"minecraft:birch_planks":2,"minecraft:iron_leggings":5,"minecraft:wooden_sword":9,"minecraft:smooth_stone_slab":3,"minecraft:orange_terracotta":1,"minecraft:item_frame":17,"minecraft:bone":4,"minecraft:stone_bricks":890,"minecraft:bow":19,"minecraft:diamond_leggings":13,"minecraft:stone_pickaxe":8,"minecraft:written_book":55,"minecraft:iron_pickaxe":6,"minecraft:diamond_helmet":14,"minecraft:chest":1,"minecraft:iron_sword":7,"minecraft:stone_brick_slab":3,"minecraft:white_bed":3,"minecraft:red_terracotta":4,"minecraft:redstone":507,"minecraft:green_terracotta":1,"minecraft:prismarine_crystals":5,"minecraft:diamond_chestplate":14,"minecraft:arrow":575,"minecraft:light_blue_terracotta":1,"minecraft:diamond":2,"minecraft:diamond_boots":14,"minecraft:iron_helmet":5,"minecraft:wolf_spawn_egg":1,"minecraft:snowball":128,"minecraft:skeleton_skull":3,"minecraft:blaze_powder":2,"minecraft:diamond_pickaxe":13},"minecraft:broken":{"minecraft:golden_pickaxe":1},"minecraft:dropped":{"minecraft:iron_sword":1,"minecraft:diamond_leggings":2,"minecraft:iron_helmet":1,"minecraft:prismarine_crystals":5,"minecraft:item_frame":3,"minecraft:diamond_sword":2,"minecraft:leather_chestplate":1,"minecraft:diamond_chestplate":2,"minecraft:diamond_pickaxe":1,"minecraft:cut_sandstone":64,"minecraft:golden_leggings":3,"minecraft:diamond_helmet":2,"minecraft:ladder":1,"minecraft:iron_leggings":1,"minecraft:wooden_sword":4,"minecraft:stone_bricks":39,"minecraft:diamond_boots":2,"minecraft:arrow":44,"minecraft:bow":3,"minecraft:stone_pickaxe":3,"minecraft:written_book":113,"minecraft:redstone":143,"minecraft:bone":3,"minecraft:redstone_block":1},"minecraft:custom":{"minecraft:mob_kills":32,"minecraft:animals_bred":4,"minecraft:inspect_hopper":17,"minecraft:interact_with_crafting_table":3,"minecraft:play_one_minute":157149,"minecraft:leave_game":3,"minecraft:time_since_death":8298,"minecraft:sleep_in_bed":9,"minecraft:climb_one_cm":16294,"minecraft:time_since_rest":8322,"minecraft:sprint_one_cm":267171,"minecraft:damage_taken":8773,"minecraft:walk_one_cm":370118,"minecraft:drop":184,"minecraft:damage_dealt":6961,"minecraft:fly_one_cm":992183,"minecraft:player_kills":7,"minecraft:open_chest":27,"minecraft:crouch_one_cm":115970,"minecraft:deaths":14,"minecraft:sneak_time":24761,"minecraft:jump":3470,"minecraft:fall_one_cm":78293},"minecraft:used":{"minecraft:snow_block":1,"minecraft:birch_planks":2,"minecraft:redstone":407,"minecraft:stone_pickaxe":147,"minecraft:ladder":55,"minecraft:chest":1,"minecraft:cut_sandstone":976,"minecraft:iron_sword":1,"minecraft:torch":6,"minecraft:white_bed":4,"minecraft:snowball":11,"minecraft:stone_brick_slab":195,"minecraft:diamond_pickaxe":120,"minecraft:iron_pickaxe":2,"minecraft:stone_bricks":617,"minecraft:diamond_sword":78,"minecraft:wooden_sword":3,"minecraft:potion":1,"minecraft:bow":83,"minecraft:written_book":7,"minecraft:wolf_spawn_egg":10,"minecraft:skeleton_skull":2,"minecraft:cooked_beef":33,"minecraft:orange_terracotta":1,"minecraft:golden_pickaxe":33},"minecraft:mined":{"minecraft:sandstone_slab":6,"minecraft:diamond_ore":1,"minecraft:cut_sandstone":236,"minecraft:redstone_block":2,"minecraft:white_bed":2,"minecraft:orange_terracotta":1,"minecraft:stone_brick_slab":2,"minecraft:sea_lantern":2,"minecraft:torch":1,"minecraft:chest":1,"minecraft:redstone_wire":89,"minecraft:light_blue_terracotta":1,"minecraft:birch_planks":3,"minecraft:blue_terracotta":1,"minecraft:green_terracotta":2,"minecraft:smooth_stone_slab":4,"minecraft:lime_terracotta":7,"minecraft:stone_bricks":15}},"DataVersion":1935}