{"stats":{"minecraft:killed_by":{"minecraft:player":4},"minecraft:crafted":{"minecraft:redstone":9,"minecraft:crafting_table":2,"minecraft:sandstone_slab":666,"minecraft:snow_block":16,"minecraft:redstone_block":81,"minecraft:chiseled_sandstone":32},"minecraft:killed":{"minecraft:wolf":1,"minecraft:skeleton":2},"minecraft:picked_up":{"minecraft:enchanting_table":1,"minecraft:barrier":1,"minecraft:leather_chestplate":3,"minecraft:sandstone_slab":141,"minecraft:cooked_beef":113,"minecraft:redstone_block":4,"minecraft:repeater":3,"minecraft:ladder":114,"minecraft:cut_sandstone":694,"minecraft:diamond_sword":14,"minecraft:birch_planks":8,"minecraft:potion":3,"minecraft:smooth_stone_slab":7,"minecraft:iron_leggings":1,"minecraft:item_frame":14,"minecraft:bone":80,"minecraft:stone_bricks":66,"minecraft:bow":15,"minecraft:creeper_spawn_egg":9,"minecraft:diamond_leggings":14,"minecraft:written_book":633,"minecraft:glass_bottle":1,"minecraft:iron_pickaxe":1,"minecraft:diamond_helmet":15,"minecraft:chest":3,"minecraft:iron_sword":1,"minecraft:torch":127,"minecraft:white_bed":2,"minecraft:redstone":566,"minecraft:chiseled_sandstone":3,"minecraft:red_terracotta":6,"minecraft:pink_terracotta":3,"minecraft:arrow":377,"minecraft:blue_terracotta":18,"minecraft:diamond_chestplate":14,"minecraft:light_blue_terracotta":2,"minecraft:diamond":1,"minecraft:diamond_boots":15,"minecraft:iron_helmet":1,"minecraft:wolf_spawn_egg":20,"minecraft:skeleton_skull":8,"minecraft:snowball":119,"minecraft:hopper":4,"minecraft:diamond_pickaxe":16},"minecraft:broken":{"minecraft:golden_pickaxe":1},"minecraft:dropped":{"minecraft:pink_terracotta":2,"minecraft:golden_pickaxe":1,"minecraft:barrier":1,"minecraft:white_bed":1,"minecraft:item_frame":2,"minecraft:potion":1,"minecraft:written_book":1060,"minecraft:redstone":28},"minecraft:custom":{"minecraft:mob_kills":3,"minecraft:inspect_hopper":16,"minecraft:interact_with_crafting_table":14,"minecraft:play_one_minute":91357,"minecraft:leave_game":5,"minecraft:time_since_death":6374,"minecraft:climb_one_cm":7207,"minecraft:sleep_in_bed":4,"minecraft:time_since_rest":6399,"minecraft:sprint_one_cm":243002,"minecraft:damage_taken":4727,"minecraft:walk_one_cm":245522,"minecraft:drop":862,"minecraft:damage_dealt":2073,"minecraft:fly_one_cm":552152,"minecraft:player_kills":10,"minecraft:open_chest":18,"minecraft:crouch_one_cm":46377,"minecraft:sneak_time":11590,"minecraft:deaths":11,"minecraft:jump":1002,"minecraft:fall_one_cm":15960},"minecraft:used":{"minecraft:snow_block":16,"minecraft:redstone":122,"minecraft:ladder":24,"minecraft:chest":2,"minecraft:cut_sandstone":331,"minecraft:redstone_block":25,"minecraft:torch":13,"minecraft:crafting_table":2,"minecraft:hopper":3,"minecraft:white_bed":2,"minecraft:pink_terracotta":1,"minecraft:creeper_spawn_egg":13,"minecraft:diamond_pickaxe":69,"minecraft:chiseled_sandstone":33,"minecraft:iron_pickaxe":3,"minecraft:red_terracotta":5,"minecraft:diamond_sword":92,"minecraft:potion":2,"minecraft:bow":66,"minecraft:written_book":15,"minecraft:wolf_spawn_egg":21,"minecraft:sandstone_slab":417,"minecraft:smooth_stone_slab":4,"minecraft:skeleton_skull":2,"minecraft:cooked_beef":13,"minecraft:golden_pickaxe":32},"minecraft:mined":{"minecraft:diamond_ore":6,"minecraft:sandstone_slab":14,"minecraft:cut_sandstone":21,"minecraft:white_bed":2,"minecraft:redstone_block":7,"minecraft:torch":3,"minecraft:chest":3,"minecraft:redstone_wire":4,"minecraft:hopper":4,"minecraft:red_terracotta":5,"minecraft:birch_planks":9,"minecraft:repeater":4,"minecraft:blue_terracotta":14,"minecraft:chiseled_sandstone":3,"minecraft:smooth_stone_slab":5,"minecraft:stone_bricks":2,"minecraft:redstone_lamp":2,"minecraft:pink_terracotta":3}},"DataVersion":1935}