{"stats":{"minecraft:custom":{"minecraft:time_since_rest":4329,"minecraft:open_chest":6,"minecraft:crouch_one_cm":1436,"minecraft:play_one_minute":55588,"minecraft:sprint_one_cm":11197,"minecraft:deaths":2,"minecraft:damage_taken":520,"minecraft:walk_one_cm":53488,"minecraft:sneak_time":741,"minecraft:drop":25,"minecraft:jump":113,"minecraft:leave_game":1,"minecraft:time_since_death":4297,"minecraft:sleep_in_bed":1,"minecraft:fall_one_cm":683,"minecraft:fly_one_cm":207050},"minecraft:used":{"minecraft:written_book":4,"minecraft:white_bed":1,"minecraft:cut_sandstone":16,"minecraft:golden_pickaxe":8,"minecraft:snowball":72},"minecraft:dropped":{"minecraft:wooden_sword":1,"minecraft:iron_sword":2,"minecraft:stone_pickaxe":1,"minecraft:golden_leggings":1,"minecraft:snowball":16,"minecraft:diamond_helmet":4},"minecraft:picked_up":{"minecraft:wooden_sword":1,"minecraft:iron_leggings":11,"minecraft:diamond_chestplate":4,"minecraft:cut_sandstone":6,"minecraft:diamond_sword":4,"minecraft:bow":15,"minecraft:golden_leggings":1,"minecraft:diamond_leggings":4,"minecraft:diamond_boots":4,"minecraft:iron_helmet":11,"minecraft:stone_pickaxe":1,"minecraft:iron_pickaxe":11,"minecraft:diamond_helmet":4,"minecraft:iron_sword":11,"minecraft:snowball":16,"minecraft:diamond_pickaxe":4},"minecraft:mined":{"minecraft:cut_sandstone":8,"minecraft:white_bed":1}},"DataVersion":1935}