{"stats":{"minecraft:crafted":{"minecraft:crafting_table":1,"minecraft:sandstone_slab":648},"minecraft:killed_by":{"minecraft:player":8,"minecraft:skeleton":1},"minecraft:killed":{"minecraft:wolf":2,"minecraft:skeleton":4},"minecraft:picked_up":{"minecraft:cooked_beef":267,"minecraft:leather_chestplate":2,"minecraft:sandstone_slab":3,"minecraft:ladder":232,"minecraft:golden_pickaxe":1,"minecraft:cut_sandstone":1508,"minecraft:golden_leggings":11,"minecraft:diamond_sword":9,"minecraft:birch_planks":4,"minecraft:potion":9,"minecraft:gunpowder":4,"minecraft:wooden_sword":7,"minecraft:smooth_stone_slab":3,"minecraft:orange_terracotta":13,"minecraft:iron_leggings":2,"minecraft:item_frame":18,"minecraft:bone":40,"minecraft:stone_bricks":512,"minecraft:bow":12,"minecraft:diamond_leggings":12,"minecraft:creeper_spawn_egg":11,"minecraft:stone_pickaxe":10,"minecraft:written_book":12,"minecraft:glass_bottle":3,"minecraft:diamond_helmet":11,"minecraft:iron_pickaxe":4,"minecraft:chest":3,"minecraft:iron_sword":5,"minecraft:torch":65,"minecraft:white_bed":7,"minecraft:redstone":711,"minecraft:prismarine_crystals":2,"minecraft:arrow":703,"minecraft:diamond_chestplate":10,"minecraft:light_blue_terracotta":1,"minecraft:diamond_boots":10,"minecraft:iron_helmet":2,"minecraft:wolf_spawn_egg":11,"minecraft:hopper":4,"minecraft:blaze_powder":1,"minecraft:skeleton_skull":5,"minecraft:snowball":347,"minecraft:diamond_pickaxe":10},"minecraft:dropped":{"minecraft:iron_sword":4,"minecraft:cooked_beef":19,"minecraft:golden_pickaxe":1,"minecraft:glass_bottle":5,"minecraft:creeper_spawn_egg":4,"minecraft:diamond_leggings":6,"minecraft:iron_helmet":2,"minecraft:prismarine_crystals":2,"minecraft:white_bed":2,"minecraft:item_frame":14,"minecraft:diamond_sword":3,"minecraft:leather_chestplate":2,"minecraft:gunpowder":4,"minecraft:diamond_chestplate":3,"minecraft:skeleton_skull":4,"minecraft:diamond_pickaxe":4,"minecraft:cut_sandstone":562,"minecraft:golden_leggings":8,"minecraft:snowball":80,"minecraft:ladder":47,"minecraft:diamond_helmet":4,"minecraft:potion":4,"minecraft:iron_leggings":2,"minecraft:wooden_sword":5,"minecraft:stone_bricks":128,"minecraft:diamond_boots":4,"minecraft:bow":6,"minecraft:stone_pickaxe":7,"minecraft:iron_pickaxe":1,"minecraft:written_book":12,"minecraft:redstone":784},"minecraft:custom":{"minecraft:mob_kills":10,"minecraft:animals_bred":1,"minecraft:inspect_hopper":36,"minecraft:interact_with_crafting_table":6,"minecraft:play_one_minute":154674,"minecraft:leave_game":4,"minecraft:time_since_death":2120,"minecraft:sleep_in_bed":5,"minecraft:climb_one_cm":34007,"minecraft:time_since_rest":2197,"minecraft:sprint_one_cm":545441,"minecraft:damage_taken":8136,"minecraft:walk_one_cm":359459,"minecraft:drop":142,"minecraft:damage_dealt":4907,"minecraft:fly_one_cm":768208,"minecraft:player_kills":4,"minecraft:open_chest":57,"minecraft:crouch_one_cm":55855,"minecraft:deaths":11,"minecraft:sneak_time":17125,"minecraft:jump":2715,"minecraft:fall_one_cm":50163},"minecraft:used":{"minecraft:stone_pickaxe":26,"minecraft:redstone":182,"minecraft:ladder":73,"minecraft:light_blue_terracotta":1,"minecraft:chest":3,"minecraft:cut_sandstone":957,"minecraft:hopper":4,"minecraft:crafting_table":1,"minecraft:white_bed":4,"minecraft:snowball":1,"minecraft:creeper_spawn_egg":3,"minecraft:diamond_pickaxe":53,"minecraft:iron_pickaxe":16,"minecraft:stone_bricks":244,"minecraft:wooden_sword":5,"minecraft:diamond_sword":21,"minecraft:potion":7,"minecraft:bow":115,"minecraft:written_book":2,"minecraft:wolf_spawn_egg":12,"minecraft:sandstone_slab":366,"minecraft:smooth_stone_slab":3,"minecraft:skeleton_skull":1,"minecraft:cooked_beef":15,"minecraft:orange_terracotta":13,"minecraft:golden_pickaxe":1},"minecraft:mined":{"minecraft:sandstone_slab":2,"minecraft:cut_sandstone":65,"minecraft:white_bed":5,"minecraft:orange_terracotta":16,"minecraft:chest":3,"minecraft:redstone_wire":1,"minecraft:hopper":4,"minecraft:birch_planks":4,"minecraft:smooth_stone_slab":3,"minecraft:stone_bricks":6}},"DataVersion":1935}