{"stats":{"minecraft:used":{"minecraft:warped_stem":1,"minecraft:light_gray_stained_glass":1,"minecraft:acacia_sign":3,"minecraft:command_block":1,"minecraft:redstone":451,"minecraft:dark_oak_sign":3,"minecraft:oak_sign":3,"minecraft:cut_sandstone":277,"minecraft:spruce_sign":3,"minecraft:warped_sign":2,"minecraft:stone_bricks":76,"minecraft:item_frame":2,"minecraft:crimson_sign":2,"minecraft:jungle_sign":3,"minecraft:hopper":2,"minecraft:birch_sign":3,"minecraft:white_bed":2,"minecraft:white_concrete":36,"minecraft:warped_button":1,"minecraft:golden_pickaxe":5},"minecraft:picked_up":{"minecraft:sandstone_slab":1,"minecraft:cut_sandstone":228,"minecraft:redstone":324,"minecraft:item_frame":3,"minecraft:arrow":24,"minecraft:stone_bricks":96,"minecraft:hopper":3},"minecraft:custom":{"minecraft:time_since_rest":20175,"minecraft:walk_one_cm":176894,"minecraft:damage_taken":1700,"minecraft:sprint_one_cm":53116,"minecraft:drop":1,"minecraft:inspect_hopper":7,"minecraft:fly_one_cm":93176,"minecraft:open_chest":11,"minecraft:play_one_minute":323902,"minecraft:crouch_one_cm":25156,"minecraft:deaths":5,"minecraft:sneak_time":5695,"minecraft:jump":315,"minecraft:leave_game":4,"minecraft:time_since_death":20174,"minecraft:sleep_in_bed":3,"minecraft:fall_one_cm":10683},"minecraft:mined":{"minecraft:sandstone_slab":1,"minecraft:cut_sandstone":2,"minecraft:redstone_wire":2,"minecraft:hopper":2},"minecraft:dropped":{"minecraft:cut_sandstone":1}},"DataVersion":2565}