{"stats":{"minecraft:used":{"minecraft:white_bed":1},"minecraft:picked_up":{"minecraft:white_bed":1},"minecraft:custom":{"minecraft:jump":6,"minecraft:open_chest":1,"minecraft:time_since_rest":27844,"minecraft:play_one_minute":216949,"minecraft:damage_taken":560,"minecraft:leave_game":2,"minecraft:sprint_one_cm":5325,"minecraft:time_since_death":27843,"minecraft:walk_one_cm":10641,"minecraft:deaths":2,"minecraft:sleep_in_bed":1,"minecraft:fall_one_cm":967,"minecraft:fly_one_cm":1817},"minecraft:mined":{"minecraft:white_bed":1}},"DataVersion":2565}