{
	"meta": {
		"version": "1.0",
		"name": "platform_power"
	},
	"pages": [
		{
			"name": "main_menu",
			"tag": "imenu_main",
			"items": [
				{
					"slot": 31,
					"id": "minecraft:feather",
					"function": "classic:lobby/spectate_game",
					"restriction": "none",
					"conditions": null,
					"display": {
						"Name": {"text": "Spectate Game", "italic": false}
					}
				},
				{
					"slot": 20,
					"id": "minecraft:redstone",
					"function": "imenu:pages/team_settings",
					"restriction": "control_remove",
					"conditions": null,
					"display": {
						"Name": {"text": "Team Settings", "italic": false}
					}
				},
				{
					"slot": 22,
					"id": "minecraft:redstone_torch",
					"function": "classic:lobby/check_start",
					"restriction": "control_remove",
					"conditions": null,
					"display": {
						"Name": {"text": "Start Game", "italic": false}
					}
				},
				{
					"slot": 24,
					"id": "minecraft:nether_star",
					"function": "imenu:pages/lobby_settings",
					"restriction": "control_remove",
					"conditions": null,
					"display": {
						"Name": {"text": "Lobby Settings", "italic": false, "color": "white"}
					}
				}
			]
		},
		{
			"name": "team_settings",
			"tag": "imenu_team",
			"items": [
				{
					"slot": 9,
					"id": "minecraft:orange_concrete",
					"function": "classic:lobby/orange/add_random",
					"restriction": "control_remove",
					"conditions": null,
					"display": {
						"Name": [
							{"text": "Add a random player to the ", "italic": false, "color": "white"},
							{"text": "Orange ", "italic": false, "color": "gold"},
							{"text": "team.", "italic": false, "color": "white"}
						]
					}
				},
				{
					"slot": 11,
					"id": "minecraft:lime_concrete",
					"function": "classic:lobby/green/add_random",
					"restriction": "control_remove",
					"conditions": null,
					"display": {
						"Name": [
							{"text": "Add a random player to the ", "italic": false, "color": "white"},
							{"text": "Green ", "italic": false, "color": "green"},
							{"text": "team.", "italic": false, "color": "white"}
						]
					}
				},
				{
					"slot": 15,
					"id": "minecraft:red_concrete",
					"function": "classic:lobby/red/add_random",
					"restriction": "control_remove",
					"conditions": null,
					"display": {
						"Name": [
							{"text": "Add a random player to the ", "italic": false, "color": "white"},
							{"text": "Red ", "italic": false, "color": "red"},
							{"text": "team.", "italic": false, "color": "white"}
						]
					}
				},
				{
					"slot": 17,
					"id": "minecraft:blue_concrete",
					"function": "classic:lobby/blue/add_random",
					"restriction": "control_remove",
					"conditions": null,
					"display": {
						"Name": [
							{"text": "Add a random player to the ", "italic": false, "color": "white"},
							{"text": "Blue ", "italic": false, "color": "blue"},
							{"text": "team.", "italic": false, "color": "white"}
						]
					}
				},
				{
					"slot": 18,
					"id": "minecraft:lime_dye",
					"function": "classic:lobby/orange/enable",
					"restriction": "control_remove",
					"conditions": null,
					"display": {
						"Name": {"text": "Enable Orange Team", "italic": false}
					}
				},
				{
					"slot": 27,
					"id": "minecraft:red_dye",
					"function": "classic:lobby/orange/disable",
					"restriction": "control_remove",
					"conditions": null,
					"display": {
						"Name": {"text": "Disable Orange Team", "italic": false}
					}
				},
				{
					"slot": 20,
					"id": "minecraft:lime_dye",
					"function": "classic:lobby/green/enable",
					"restriction": "control_remove",
					"conditions": null,
					"display": {
						"Name": {"text": "Enable Green Team", "italic": false}
					}
				},
				{
					"slot": 29,
					"id": "minecraft:red_dye",
					"function": "classic:lobby/green/disable",
					"restriction": "control_remove",
					"conditions": null,
					"display": {
						"Name": {"text": "Disable Green Team", "italic": false}
					}
				},
				{
					"slot": 24,
					"id": "minecraft:lime_dye",
					"function": "classic:lobby/red/enable",
					"restriction": "control_remove",
					"conditions": null,
					"display": {
						"Name": {"text": "Enable Red Team", "italic": false}
					}
				},
				{
					"slot": 33,
					"id": "minecraft:red_dye",
					"function": "classic:lobby/red/disable",
					"restriction": "control_remove",
					"conditions": null,
					"display": {
						"Name": {"text": "Disable Red Team", "italic": false}
					}
				},
				{
					"slot": 26,
					"id": "minecraft:lime_dye",
					"function": "classic:lobby/blue/enable",
					"restriction": "control_remove",
					"conditions": null,
					"display": {
						"Name": {"text": "Enable Blue Team", "italic": false}
					}
				},
				{
					"slot": 35,
					"id": "minecraft:red_dye",
					"function": "classic:lobby/blue/disable",
					"restriction": "control_remove",
					"conditions": null,
					"display": {
						"Name": {"text": "Disable Blue Team", "italic": false}
					}
				},
				{
					"slot": 31,
					"id": "minecraft:dropper",
					"function": "classic:lobby/randomize_teams",
					"restriction": "control_remove",
					"conditions": null,
					"display": {
						"Name": {"text": "Randomize All Teams", "italic": false}
					}
				},
				{
					"slot": 22,
					"id": "minecraft:ender_pearl",
					"function": "classic:lobby/reset_all_teams",
					"restriction": "control_add",
					"conditions": null,
					"display": {
						"Name": {"text": "Clear All Teams", "italic": false}
					}
				},
				{
					"slot": 13,
					"id": "minecraft:red_stained_glass_pane",
					"function": "imenu:pages/main_menu",
					"restriction": "control_remove",
					"conditions": null,
					"display": {
						"Name": {"text": "Back", "italic": false}
					}
				}
			]
		},
		{
			"name": "lobby_settings",
			"tag": "imenu_lobby",
			"items": [
				{
					"slot": 13,
					"id": "minecraft:red_stained_glass_pane",
					"function": "imenu:pages/main_menu",
					"restriction": "control_remove",
					"conditions": null,
					"display": {
						"Name": {"text": "Back", "italic": false}
					}
				},
				{
					"slot": 11,
					"id": "minecraft:ladder",
					"function": null,
					"restriction": "control_remove",
					"conditions": null,
					"display": {
						"Name": {"text": "Team Ladders", "italic": false}
					}
				},
				{
					"slot": 20,
					"id": "minecraft:lime_dye",
					"function": "classic:lobby/enable_ladders",
					"restriction": "control_remove",
					"conditions": null,
					"display": {
						"Name": {"text": "Enable Ladders", "italic": false}
					}
				},
				{
					"slot": 29,
					"id": "minecraft:red_dye",
					"function": "classic:lobby/disable_ladders",
					"restriction": "control_remove",
					"conditions": null,
					"display": {
						"Name": {"text": "Disable Ladders", "italic": false}
					}
				},
				{
					"slot": 15,
					"id": "minecraft:barrier",
					"function": null,
					"restriction": "control_remove",
					"conditions": null,
					"display": {
						"Name": {"text": "Team Barriers", "italic": false}
					}
				},
				{
					"slot": 24,
					"id": "minecraft:lime_dye",
					"function": "classic:lobby/enable_barriers",
					"restriction": "control_remove",
					"conditions": null,
					"display": {
						"Name": {"text": "Enable Barriers", "italic": false}
					}
				},
				{
					"slot": 33,
					"id": "minecraft:red_dye",
					"function": "classic:lobby/disable_barriers",
					"restriction": "control_remove",
					"conditions": null,
					"display": {
						"Name": {"text": "Disable Barriers", "italic": false}
					}
				}
			]
		}
	]
}