{"stats":{"minecraft:used":{"minecraft:blue_terracotta":1,"minecraft:enchanting_table":2,"minecraft:armor_stand":1,"minecraft:redstone":565,"minecraft:bone_block":1,"minecraft:ladder":139,"minecraft:light_blue_terracotta":2,"minecraft:chest":1,"minecraft:torch":10,"minecraft:hopper":7,"minecraft:pink_terracotta":4,"minecraft:snowball":32,"minecraft:stone_brick_slab":6,"minecraft:stone_brick_stairs":4,"minecraft:stone_bricks":163,"minecraft:birch_button":1,"minecraft:birch_trapdoor":2,"minecraft:redstone_lamp":1,"minecraft:bow":202,"minecraft:snow":6,"minecraft:written_book":9,"minecraft:wolf_spawn_egg":18,"minecraft:skeleton_skull":1,"minecraft:cooked_beef":2,"minecraft:orange_terracotta":9,"minecraft:sandstone_stairs":4,"minecraft:snow_block":57,"minecraft:stone_pickaxe":104,"minecraft:cut_sandstone":1079,"minecraft:composter":1,"minecraft:redstone_block":60,"minecraft:diamond_block":1,"minecraft:lime_terracotta":25,"minecraft:crafting_table":6,"minecraft:birch_sign":1,"minecraft:white_bed":7,"minecraft:note_block":1,"minecraft:stone_brick_wall":6,"minecraft:birch_fence":3,"minecraft:creeper_spawn_egg":2,"minecraft:lever":3,"minecraft:diamond_pickaxe":190,"minecraft:chiseled_sandstone":3,"minecraft:birch_slab":6,"minecraft:iron_pickaxe":111,"minecraft:red_terracotta":41,"minecraft:chiseled_stone_bricks":3,"minecraft:diamond_sword":27,"minecraft:wooden_sword":3,"minecraft:potion":7,"minecraft:lapis_block":1,"minecraft:sandstone_slab":1008,"minecraft:smooth_stone_slab":14,"minecraft:birch_stairs":4,"minecraft:jukebox":1,"minecraft:golden_pickaxe":90},"minecraft:dropped":{"minecraft:iron_sword":8,"minecraft:cooked_beef":6,"minecraft:golden_pickaxe":1,"minecraft:glass_bottle":3,"minecraft:diamond":1,"minecraft:diamond_leggings":7,"minecraft:sandstone_slab":36,"minecraft:iron_helmet":10,"minecraft:prismarine_crystals":3,"minecraft:item_frame":7,"minecraft:cut_sandstone":52,"minecraft:diamond_helmet":9,"minecraft:snowball":97,"minecraft:potion":1,"minecraft:iron_leggings":10,"minecraft:wooden_sword":11,"minecraft:iron_pickaxe":9,"minecraft:redstone":3,"minecraft:note_block":1,"minecraft:lever":2,"minecraft:jukebox":1,"minecraft:white_bed":1,"minecraft:diamond_sword":6,"minecraft:leather_chestplate":3,"minecraft:diamond_chestplate":7,"minecraft:orange_terracotta":1,"minecraft:diamond_pickaxe":6,"minecraft:golden_leggings":11,"minecraft:ladder":44,"minecraft:stone_bricks":33,"minecraft:diamond_boots":7,"minecraft:arrow":29,"minecraft:bow":14,"minecraft:stone_pickaxe":10,"minecraft:written_book":6227},"minecraft:picked_up":{"minecraft:sandstone_slab":446,"minecraft:redstone_block":2,"minecraft:ladder":508,"minecraft:redstone_lamp":1,"minecraft:golden_pickaxe":1,"minecraft:diamond_sword":25,"minecraft:potion":11,"minecraft:wooden_sword":16,"minecraft:smooth_stone_slab":56,"minecraft:iron_leggings":11,"minecraft:item_frame":17,"minecraft:diamond_leggings":24,"minecraft:written_book":5929,"minecraft:iron_pickaxe":14,"minecraft:chest":1,"minecraft:torch":65,"minecraft:redstone":1627,"minecraft:green_terracotta":5,"minecraft:prismarine_crystals":5,"minecraft:pink_terracotta":6,"minecraft:arrow":1287,"minecraft:diamond_chestplate":25,"minecraft:diamond_boots":25,"minecraft:yellow_terracotta":1,"minecraft:wolf_spawn_egg":8,"minecraft:snowball":320,"minecraft:blaze_powder":2,"minecraft:skeleton_skull":7,"minecraft:enchanting_table":3,"minecraft:leather_chestplate":5,"minecraft:barrier":1,"minecraft:cooked_beef":372,"minecraft:cut_sandstone":2218,"minecraft:golden_leggings":16,"minecraft:birch_planks":51,"minecraft:gunpowder":7,"minecraft:lapis_lazuli":18,"minecraft:orange_terracotta":20,"minecraft:bone":32,"minecraft:stone_bricks":652,"minecraft:bow":38,"minecraft:creeper_spawn_egg":6,"minecraft:stone_pickaxe":16,"minecraft:diamond_helmet":29,"minecraft:glass_bottle":1,"minecraft:iron_sword":14,"minecraft:lime_terracotta":32,"minecraft:white_bed":4,"minecraft:red_terracotta":53,"minecraft:blue_terracotta":9,"minecraft:light_blue_terracotta":3,"minecraft:diamond":42,"minecraft:lever":5,"minecraft:iron_helmet":11,"minecraft:hopper":7,"minecraft:diamond_pickaxe":26},"minecraft:broken":{"minecraft:golden_pickaxe":2},"minecraft:crafted":{"minecraft:stone_brick_wall":12,"minecraft:diamond_hoe":1,"minecraft:birch_slab":12,"minecraft:blue_stained_glass_pane":16,"minecraft:snow":6,"minecraft:bone_meal":9,"minecraft:diamond_block":1,"minecraft:glass_pane":16,"minecraft:stone_brick_slab":12,"minecraft:redstone_block":87,"minecraft:chiseled_stone_bricks":3,"minecraft:chiseled_sandstone":3,"minecraft:birch_button":1,"minecraft:birch_sign":3,"minecraft:blue_stained_glass":8,"minecraft:bone_block":1,"minecraft:crafting_table":6,"minecraft:sandstone_slab":1230,"minecraft:blue_dye":1,"minecraft:stone_brick_stairs":4,"minecraft:birch_fence":9,"minecraft:stick":28,"minecraft:birch_trapdoor":1,"minecraft:snow_block":60,"minecraft:armor_stand":1,"minecraft:composter":1,"minecraft:birch_stairs":4,"minecraft:sandstone_stairs":4,"minecraft:lapis_block":1},"minecraft:killed":{"minecraft:skeleton":14,"minecraft:wolf":2},"minecraft:custom":{"minecraft:mob_kills":17,"minecraft:inspect_hopper":35,"minecraft:interact_with_crafting_table":44,"minecraft:leave_game":15,"minecraft:time_since_death":6177,"minecraft:climb_one_cm":29573,"minecraft:sprint_one_cm":522021,"minecraft:walk_one_cm":766659,"minecraft:drop":5476,"minecraft:deaths":18,"minecraft:sneak_time":66005,"minecraft:jump":2951,"minecraft:enchant_item":8,"minecraft:play_one_minute":422247,"minecraft:sleep_in_bed":11,"minecraft:time_since_rest":6200,"minecraft:damage_taken":24990,"minecraft:damage_dealt":2073,"minecraft:fly_one_cm":2074323,"minecraft:player_kills":10,"minecraft:open_chest":41,"minecraft:crouch_one_cm":225217,"minecraft:fall_one_cm":224096},"minecraft:killed_by":{"minecraft:player":8},"minecraft:mined":{"minecraft:yellow_terracotta":2,"minecraft:diamond_ore":43,"minecraft:white_bed":5,"minecraft:sea_lantern":2,"minecraft:ladder":2,"minecraft:redstone_wire":21,"minecraft:hopper":7,"minecraft:green_terracotta":6,"minecraft:enchanting_table":4,"minecraft:pink_terracotta":15,"minecraft:sandstone_slab":24,"minecraft:cut_sandstone":118,"minecraft:redstone_block":4,"minecraft:orange_terracotta":23,"minecraft:chest":1,"minecraft:light_blue_terracotta":2,"minecraft:red_terracotta":94,"minecraft:birch_planks":50,"minecraft:blue_terracotta":24,"minecraft:light_gray_stained_glass":1,"minecraft:smooth_stone_slab":63,"minecraft:lime_terracotta":41,"minecraft:stone_bricks":19,"minecraft:redstone_lamp":1}},"DataVersion":1938}