{"stats":{"minecraft:crafted":{"minecraft:cut_sandstone_slab":1446,"minecraft:crafting_table":3,"minecraft:sandstone_slab":1392},"minecraft:used":{"minecraft:oak_trapdoor":1,"minecraft:iron_bars":4,"minecraft:enchanting_table":3,"minecraft:flint_and_steel":3,"minecraft:redstone":248,"minecraft:ladder":110,"minecraft:light_blue_terracotta":1,"minecraft:chest":1,"minecraft:bell":1,"minecraft:structure_block":2,"minecraft:green_terracotta":3,"minecraft:torch":11,"minecraft:hopper":7,"minecraft:cobblestone_wall":1,"minecraft:pink_terracotta":2,"minecraft:snowball":22,"minecraft:light_gray_stained_glass":1,"minecraft:lantern":6,"minecraft:quartz_block":4,"minecraft:barrel":1,"minecraft:item_frame":3,"minecraft:blaze_spawn_egg":1,"minecraft:repeater":11,"minecraft:bow":232,"minecraft:scaffolding":111,"minecraft:written_book":47,"minecraft:emerald_block":20,"minecraft:iron_trapdoor":1,"minecraft:wolf_spawn_egg":8,"minecraft:furnace":1,"minecraft:cooked_beef":9,"minecraft:observer":15,"minecraft:orange_terracotta":3,"minecraft:water_bucket":1,"minecraft:stone_pickaxe":17,"minecraft:cut_sandstone":358,"minecraft:composter":1,"minecraft:structure_void":2,"minecraft:fletching_table":1,"minecraft:stonecutter":2,"minecraft:diamond_block":1,"minecraft:cut_sandstone_slab":868,"minecraft:crafting_table":5,"minecraft:loom":1,"minecraft:crossbow":13,"minecraft:campfire":2,"minecraft:white_bed":7,"minecraft:note_block":12,"minecraft:stone_brick_wall":1,"minecraft:creeper_spawn_egg":5,"minecraft:lever":1,"minecraft:diamond_pickaxe":136,"minecraft:iron_pickaxe":6,"minecraft:stone_button":9,"minecraft:lectern":2,"minecraft:prismarine_wall":1,"minecraft:diamond_sword":33,"minecraft:potion":3,"minecraft:grindstone":1,"minecraft:smithing_table":1,"minecraft:bucket":1,"minecraft:sandstone_slab":1052,"minecraft:smooth_stone_slab":9,"minecraft:splash_potion":85,"minecraft:golden_pickaxe":48},"minecraft:dropped":{"minecraft:iron_sword":2,"minecraft:tnt":2,"minecraft:golden_pickaxe":2,"minecraft:diamond":2,"minecraft:diamond_leggings":1,"minecraft:crossbow":1,"minecraft:sandstone_slab":1,"minecraft:lime_terracotta":1,"minecraft:iron_helmet":2,"minecraft:yellow_terracotta":2,"minecraft:item_frame":15,"minecraft:redstone_lamp":2,"minecraft:diorite":1,"minecraft:leather_horse_armor":1,"minecraft:cut_sandstone":3,"minecraft:snowball":64,"minecraft:diamond_helmet":1,"minecraft:potion":2,"minecraft:iron_leggings":2,"minecraft:wooden_sword":6,"minecraft:iron_pickaxe":1,"minecraft:redstone":93,"minecraft:bone":3,"minecraft:blue_terracotta":2,"minecraft:pink_terracotta":1,"minecraft:smooth_stone_slab":10,"minecraft:blaze_powder":1,"minecraft:leather_chestplate":1,"minecraft:diamond_chestplate":1,"minecraft:orange_terracotta":5,"minecraft:skeleton_skull":7,"minecraft:golden_leggings":4,"minecraft:diamond_boots":1,"minecraft:arrow":5,"minecraft:bow":2,"minecraft:stone_pickaxe":5,"minecraft:light_blue_terracotta":2,"minecraft:written_book":6692},"minecraft:killed_by":{"minecraft:player":2},"minecraft:custom":{"minecraft:mob_kills":3,"minecraft:inspect_hopper":29,"minecraft:open_barrel":4,"minecraft:interact_with_crafting_table":21,"minecraft:bell_ring":2,"minecraft:leave_game":3,"minecraft:time_since_death":153912,"minecraft:climb_one_cm":43763,"minecraft:sprint_one_cm":569313,"minecraft:walk_one_cm":513020,"minecraft:drop":5291,"minecraft:play_noteblock":124,"minecraft:deaths":8,"minecraft:sneak_time":38637,"minecraft:jump":2283,"minecraft:interact_with_furnace":1,"minecraft:tune_noteblock":93,"minecraft:play_one_minute":307434,"minecraft:interact_with_loom":1,"minecraft:interact_with_stonecutter":4,"minecraft:sleep_in_bed":5,"minecraft:time_since_rest":153934,"minecraft:damage_taken":3931,"minecraft:damage_dealt":1806,"minecraft:fly_one_cm":4418869,"minecraft:player_kills":18,"minecraft:open_chest":8,"minecraft:crouch_one_cm":158688,"minecraft:fall_one_cm":37617},"minecraft:picked_up":{"minecraft:crafting_table":1,"minecraft:sandstone_slab":106,"minecraft:ladder":144,"minecraft:redstone_lamp":2,"minecraft:diamond_sword":12,"minecraft:potion":2,"minecraft:wooden_sword":8,"minecraft:cooked_salmon":15,"minecraft:smooth_stone_slab":23,"minecraft:iron_leggings":6,"minecraft:item_frame":27,"minecraft:diamond_leggings":11,"minecraft:written_book":5722,"minecraft:iron_pickaxe":6,"minecraft:chest":1,"minecraft:stone":1,"minecraft:diorite":1,"minecraft:redstone":977,"minecraft:pink_terracotta":1,"minecraft:prismarine_crystals":17,"minecraft:green_terracotta":3,"minecraft:tnt":17,"minecraft:arrow":961,"minecraft:diamond_chestplate":13,"minecraft:cooked_cod":28,"minecraft:diamond_boots":12,"minecraft:yellow_terracotta":2,"minecraft:wolf_spawn_egg":1,"minecraft:gold_ingot":34,"minecraft:skeleton_skull":8,"minecraft:snowball":112,"minecraft:blaze_powder":2,"minecraft:enchanting_table":3,"minecraft:leather_chestplate":6,"minecraft:cooked_beef":160,"minecraft:repeater":2,"minecraft:cut_sandstone":1426,"minecraft:golden_leggings":8,"minecraft:birch_planks":12,"minecraft:cut_sandstone_slab":206,"minecraft:lantern":2,"minecraft:orange_terracotta":8,"minecraft:bone":4,"minecraft:bow":18,"minecraft:creeper_spawn_egg":1,"minecraft:heart_of_the_sea":9,"minecraft:iron_ingot":66,"minecraft:stone_pickaxe":8,"minecraft:diamond_helmet":13,"minecraft:iron_sword":9,"minecraft:scaffolding":57,"minecraft:lime_terracotta":12,"minecraft:white_bed":5,"minecraft:blue_terracotta":4,"minecraft:light_blue_terracotta":3,"minecraft:diamond":5,"minecraft:lever":1,"minecraft:iron_helmet":5,"minecraft:crossbow":1,"minecraft:granite":1,"minecraft:emerald":31,"minecraft:hopper":7,"minecraft:diamond_pickaxe":12},"minecraft:killed":{"minecraft:skeleton":3},"minecraft:mined":{"minecraft:yellow_terracotta":4,"minecraft:diamond_ore":2,"minecraft:cut_sandstone_slab":13,"minecraft:white_bed":7,"minecraft:ladder":1,"minecraft:redstone_wire":2,"minecraft:hopper":7,"minecraft:green_terracotta":3,"minecraft:enchanting_table":3,"minecraft:pink_terracotta":1,"minecraft:sandstone_slab":25,"minecraft:cut_sandstone":79,"minecraft:orange_terracotta":8,"minecraft:crafting_table":1,"minecraft:chest":1,"minecraft:glass":1,"minecraft:repeater":2,"minecraft:light_blue_terracotta":3,"minecraft:red_terracotta":1,"minecraft:birch_planks":12,"minecraft:blue_terracotta":6,"minecraft:smooth_stone_slab":21,"minecraft:lime_terracotta":15,"minecraft:redstone_lamp":2}},"DataVersion":1948}