{"stats":{"minecraft:used":{"minecraft:oak_sign":6,"minecraft:barrier":2,"minecraft:glass":2,"minecraft:quartz_block":29,"minecraft:light_gray_wool":12,"minecraft:stripped_warped_stem":2,"minecraft:warped_stem":3,"minecraft:diamond_block":12,"minecraft:warped_trapdoor":1,"minecraft:warped_wart_block":2,"minecraft:light_gray_stained_glass":3,"minecraft:warped_planks":2,"minecraft:quartz_stairs":22},"minecraft:custom":{"minecraft:jump":241,"minecraft:time_since_rest":90209,"minecraft:crouch_one_cm":492,"minecraft:play_one_minute":90209,"minecraft:sprint_one_cm":63516,"minecraft:time_since_death":90209,"minecraft:walk_one_cm":97710,"minecraft:sneak_time":1359,"minecraft:fly_one_cm":231794,"minecraft:leave_game":1}},"DataVersion":2586}